[
  {
    "id": 1,
    "priority": 2,
    "action": { "type": "block" },
    "condition": {
      "urlFilter": "*",
      "requestDomains": ["www.jingjingxyk.com"],
      "resourceTypes": [
        "main_frame",
        "sub_frame",
        "stylesheet",
        "script",
        "image",
        "font",
        "object",
        "xmlhttprequest",
        "ping",
        "csp_report",
        "media",
        "websocket",
        "webtransport",
        "webbundle",
        "other"
      ]
    }
  }
]
