[
  {
    "id": 1,
    "priority": 200,
    "action": {
      "type": "redirect",
      "redirect": {
        "regexSubstitution": "https://images.weserv.nl/?url=\\1"
      }
    },
    "condition": {
      "regexFilter": "(.*?)",
      "requestDomains": ["imgur.com"],
      "initiatorDomains": ["stackoverflow.com"],
      "resourceTypes": [
        "main_frame",
        "sub_frame",
        "stylesheet",
        "script",
        "image",
        "font",
        "object",
        "xmlhttprequest",
        "ping",
        "csp_report",
        "media",
        "websocket",

        "other"
      ]
    }
  },

  {
    "id": 2,
    "priority": 100,
    "action": {
      "type": "redirect",
      "redirect": {
        "regexSubstitution": "https://img.noobzone.ru/getimg.php?url=\\1"
      }
    },
    "condition": {
      "regexFilter": "^https?://(.*?)",
      "requestDomains": ["imgur.com"],
      "initiatorDomains": ["stackoverflow.com"],
      "resourceTypes": [
        "main_frame",
        "sub_frame",
        "stylesheet",
        "script",
        "image",
        "font",
        "object",
        "xmlhttprequest",
        "ping",
        "csp_report",
        "media",
        "websocket",

        "other"
      ]
    }
  },
  {
    "id": 3,
    "priority": 100,
    "action": {
      "type": "modifyHeaders",
      "requestHeaders": [
        {
          "header": "referer",
          "operation": "remove"
        }
      ]
    },
    "condition": {
      "urlFilter": "img.noobzone.ru/getimg.php",
      "requestDomains": ["img.noobzone.ru"],
      "initiatorDomains": ["stackoverflow.com"],
      "resourceTypes": [
        "main_frame",
        "sub_frame",
        "stylesheet",
        "script",
        "image",
        "font",
        "object",
        "xmlhttprequest",
        "ping",
        "csp_report",
        "media",
        "websocket",

        "other"
      ]
    }
  }
]
