[
  {
    "id": 1,
    "priority": 2,
    "action": { "type": "block" },
    "condition": {
      "urlFilter": "*",
      "requestDomains": [
        "example-collector.github.com",
        "example-www.google-analytics.com",
        "www.example.com"
      ],
      "resourceTypes": [
        "main_frame",
        "sub_frame",
        "stylesheet",
        "script",
        "image",
        "font",
        "object",
        "xmlhttprequest",
        "ping",
        "csp_report",
        "media",
        "websocket",

        "other"
      ]
    }
  }
]
