[
  {
    "id": 1,
    "priority": 100,
    "action": {
      "type": "redirect",
      "redirect": {
        "regexSubstitution": "use.sevencdn.com/gajax/\\1"
      }
    },
    "condition": {
      "regexFilter": "ajax\\.googleapis\\.com/ajax/(.*?)",
      "requestDomains": ["ajax.googleapis.com"],
      "resourceTypes": [
        "main_frame",
        "sub_frame",
        "stylesheet",
        "script",
        "image",
        "font",
        "object",
        "xmlhttprequest",
        "ping",
        "csp_report",
        "media",
        "websocket",

        "other"
      ]
    }
  },
  {
    "id": 2,
    "priority": 100,
    "action": {
      "type": "redirect",
      "redirect": {
        "transform": { "scheme": "https", "host": "use.sevencdn.com" }
      }
    },
    "condition": {
      "urlFilter": "cdnjs.cloudflare.com/ajax/libs",
      "requestDomains": ["cdnjs.cloudflare.com"],
      "resourceTypes": [
        "main_frame",
        "sub_frame",
        "stylesheet",
        "script",
        "image",
        "font",
        "object",
        "xmlhttprequest",
        "ping",
        "csp_report",
        "media",
        "websocket",

        "other"
      ]
    }
  },
  {
    "id": 3,
    "priority": 100,
    "action": {
      "type": "redirect",
      "redirect": {
        "transform": {
          "scheme": "https",
          "host": "use.sevencdn.com"
        }
      }
    },
    "condition": {
      "urlFilter": "fonts.googleapis.com",
      "requestDomains": ["fonts.googleapis.com"],
      "resourceTypes": [
        "main_frame",
        "sub_frame",
        "stylesheet",
        "script",
        "image",
        "font",
        "object",
        "xmlhttprequest",
        "ping",
        "csp_report",
        "media",
        "websocket",

        "other"
      ]
    }
  },
  {
    "id": 4,
    "priority": 100,
    "action": {
      "type": "redirect",
      "redirect": {
        "transform": {
          "scheme": "https",
          "host": "use.sevencdn.com"
        }
      }
    },
    "condition": {
      "urlFilter": "gravatar.com",
      "requestDomains": [
        "secure.gravatar.com",
        "www.gravatar.com",
        "cn.gravatar.com",
        "en.gravatar.com"
      ],
      "resourceTypes": [
        "main_frame",
        "sub_frame",
        "stylesheet",
        "script",
        "image",
        "font",
        "object",
        "xmlhttprequest",
        "ping",
        "csp_report",
        "media",
        "websocket",

        "other"
      ]
    }
  }
]
