[
  {
    "id": 1,
    "priority": 100,
    "action": {
      "type": "redirect",
      "redirect": {
        "transform": {
          "scheme": "https",
          "host": "ajax.proxy.ustclug.org"
        }
      }
    },
    "condition": {
      "urlFilter": "ajax.googleapis.com",
      "requestDomains": ["ajax.googleapis.com"],
      "resourceTypes": [
        "main_frame",
        "sub_frame",
        "stylesheet",
        "script",
        "image",
        "font",
        "object",
        "xmlhttprequest",
        "ping",
        "csp_report",
        "media",
        "websocket",

        "other"
      ]
    }
  },
  {
    "id": 2,
    "priority": 100,
    "action": {
      "type": "redirect",
      "redirect": {
        "transform": {
          "scheme": "https",
          "host": "google-themes.proxy.ustclug.org"
        }
      }
    },
    "condition": {
      "urlFilter": "themes.googleusercontent.com",
      "requestDomains": ["themes.googleusercontent.com"],
      "resourceTypes": [
        "main_frame",
        "sub_frame",
        "stylesheet",
        "script",
        "image",
        "font",
        "object",
        "xmlhttprequest",
        "ping",
        "csp_report",
        "media",
        "websocket",

        "other"
      ]
    }
  }
]
