[
  {
    "id": 1,
    "priority": 100,
    "action": {
      "type": "redirect",
      "redirect": {
        "regexSubstitution": "gapis.geekzu.org/ajax/ajax/libs/\\1"
      }
    },
    "condition": {
      "regexFilter": "ajax\\.googleapis\\.com/ajax/libs/(.*?)",
      "requestDomains": ["ajax.googleapis.com"],
      "resourceTypes": [
        "main_frame",
        "sub_frame",
        "stylesheet",
        "script",
        "image",
        "font",
        "object",
        "xmlhttprequest",
        "ping",
        "csp_report",
        "media",
        "websocket",

        "other"
      ]
    }
  },
  {
    "id": 2,
    "priority": 100,
    "action": {
      "type": "redirect",
      "redirect": {
        "transform": {
          "scheme": "https",
          "host": "fonts.geekzu.org"
        }
      }
    },
    "condition": {
      "urlFilter": "fonts.googleapis.com",
      "requestDomains": ["fonts.googleapis.com"],
      "resourceTypes": [
        "main_frame",
        "sub_frame",
        "stylesheet",
        "script",
        "image",
        "font",
        "object",
        "xmlhttprequest",
        "ping",
        "csp_report",
        "media",
        "websocket",

        "other"
      ]
    }
  },
  {
    "id": 3,
    "priority": 100,
    "action": {
      "type": "redirect",
      "redirect": {
        "regexSubstitution": "gapis.geekzu.org/g-fonts/\\1"
      }
    },
    "condition": {
      "regexFilter": "fonts\\.gstatic\\.com/(.*?)",
      "requestDomains": ["fonts.gstatic.com"],
      "resourceTypes": [
        "main_frame",
        "sub_frame",
        "stylesheet",
        "script",
        "image",
        "font",
        "object",
        "xmlhttprequest",
        "ping",
        "csp_report",
        "media",
        "websocket",

        "other"
      ]
    }
  },
  {
    "id": 4,
    "priority": 100,
    "action": {
      "type": "redirect",
      "redirect": {
        "transform": {
          "scheme": "https",
          "host": "sdn.geekzu.org"
        }
      }
    },
    "condition": {
      "urlFilter": "gravatar.com",
      "requestDomains": [
        "secure.gravatar.com",
        "www.gravatar.com",
        "cn.gravatar.com",
        "en.gravatar.com"
      ],
      "resourceTypes": [
        "main_frame",
        "sub_frame",
        "stylesheet",
        "script",
        "image",
        "font",
        "object",
        "xmlhttprequest",
        "ping",
        "csp_report",
        "media",
        "websocket",

        "other"
      ]
    }
  },
  {
    "id": 5,
    "priority": 100,
    "action": {
      "type": "redirect",
      "redirect": {
        "regexSubstitution": "gapis.geekzu.org/g-themes/\\1"
      }
    },
    "condition": {
      "regexFilter": "themes\\.googleusercontent\\.com/(.*?)",
      "requestDomains": ["themes.googleusercontent.com"],
      "resourceTypes": [
        "main_frame",
        "sub_frame",
        "stylesheet",
        "script",
        "image",
        "font",
        "object",
        "xmlhttprequest",
        "ping",
        "csp_report",
        "media",
        "websocket",

        "other"
      ]
    }
  }
]
