[
  {
    "id": 1,
    "priority": 9999,
    "action": {
      "type": "modifyHeaders",
      "requestHeaders": [
        {
          "header": "x-admin-token",
          "operation": "set",
          "value": "e44f89a2-1073-11ed-94f1-77d1f359ce72"
        },
        {
          "header": "x-auth-token",
          "operation": "set",
          "value": "b11102d8-1086-11ed-99e2-e73543daa618"
        },
        {
          "header": "x-user-id",
          "operation": "set",
          "value": "f078e9b2-1073-11ed-9e0e-53f6bc701de3"
        },
        {
          "header": "x-permissions-id",
          "operation": "set",
          "value": "f5312514-1073-11ed-a19b-277a7aa6d882"
        }
      ]
    },
    "condition": {
      "urlFilter": "*",
      "requestDomains": ["*.proxy.domain.com"],
      "resourceTypes": [
        "main_frame",
        "sub_frame",
        "stylesheet",
        "script",
        "image",
        "font",
        "object",
        "xmlhttprequest",
        "ping",
        "csp_report",
        "media",
        "websocket",
        "webtransport",
        "webbundle",
        "other"
      ]
    }
  }
]
