[
  {
    "id": 1,
    "priority": 1,
    "action": {
      "type": "redirect",
      "redirect": {
        "transform": {
          "scheme": "https",
          "host": "ajax.loli.net"
        }
      }
    },
    "condition": {
      "urlFilter": "ajax.googleapis.com",
      "requestDomains": ["ajax.googleapis.com"],
      "resourceTypes": [
        "main_frame",
        "sub_frame",
        "stylesheet",
        "script",
        "image",
        "font",
        "object",
        "xmlhttprequest",
        "ping",
        "csp_report",
        "media",
        "websocket",
        "webtransport",
        "webbundle",
        "other"
      ]
    }
  },
  {
    "id": 2,
    "priority": 100,
    "action": {
      "type": "redirect",
      "redirect": {
        "transform": {
          "scheme": "https",
          "host": "ajax.proxy.ustclug.org"
        }
      }
    },
    "condition": {
      "urlFilter": "ajax.googleapis.com",
      "requestDomains": ["ajax.googleapis.com"],
      "resourceTypes": [
        "main_frame",
        "sub_frame",
        "stylesheet",
        "script",
        "image",
        "font",
        "object",
        "xmlhttprequest",
        "ping",
        "csp_report",
        "media",
        "websocket",
        "webtransport",
        "webbundle",
        "other"
      ]
    }
  },

  {
    "id": 3,
    "priority": 199,
    "action": {
      "type": "redirect",
      "redirect": {
        "regexSubstitution": "use.sevencdn.com/gajax/\\1"
      }
    },
    "condition": {
      "regexFilter": "ajax\\.googleapis\\.com/ajax/(.*?)",
      "requestDomains": ["ajax.googleapis.com"],
      "resourceTypes": [
        "main_frame",
        "sub_frame",
        "stylesheet",
        "script",
        "image",
        "font",
        "object",
        "xmlhttprequest",
        "ping",
        "csp_report",
        "media",
        "websocket",
        "webtransport",
        "webbundle",
        "other"
      ]
    }
  },
  {
    "id": 4,
    "priority": 198,
    "action": {
      "type": "redirect",
      "redirect": {
        "regexSubstitution": "mirrors.sustech.edu.cn/cdnjs/ajax/libs/\\1"
      }
    },
    "condition": {
      "regexFilter": "ajax\\.googleapis\\.com/ajax/libs/(.*?)",
      "requestDomains": ["ajax.googleapis.com"],
      "resourceTypes": [
        "main_frame",
        "sub_frame",
        "stylesheet",
        "script",
        "image",
        "font",
        "object",
        "xmlhttprequest",
        "ping",
        "csp_report",
        "media",
        "websocket",
        "webtransport",
        "webbundle",
        "other"
      ]
    }
  },
  {
    "id": 5,
    "priority": 300,
    "action": {
      "type": "redirect",
      "redirect": {
        "regexSubstitution": "gapis.geekzu.org/ajax/ajax/libs/\\1"
      }
    },
    "condition": {
      "regexFilter": "ajax\\.googleapis\\.com/ajax/libs/(.*?)",
      "requestDomains": ["ajax.googleapis.com"],
      "resourceTypes": [
        "main_frame",
        "sub_frame",
        "stylesheet",
        "script",
        "image",
        "font",
        "object",
        "xmlhttprequest",
        "ping",
        "csp_report",
        "media",
        "websocket",
        "webtransport",
        "webbundle",
        "other"
      ]
    }
  },
  {
    "id": 6,
    "priority": 401,
    "action": {
      "type": "redirect",
      "redirect": {
        "regexSubstitution": "lf9-cdn-tos.bytecdntp.com/cdn/expire-1-y/\\1/\\2/\\3"
      }
    },
    "condition": {
      "regexFilter": "ajax\\.googleapis\\.com/ajax/libs/(.*?)/(.*?)/(.*?)",
      "requestDomains": ["ajax.googleapis.com"],
      "resourceTypes": [
        "main_frame",
        "sub_frame",
        "stylesheet",
        "script",
        "image",
        "font",
        "object",
        "xmlhttprequest",
        "ping",
        "csp_report",
        "media",
        "websocket",
        "webtransport",
        "webbundle",
        "other"
      ]
    }
  },
  {
    "id": 6,
    "priority": 402,
    "action": {
      "type": "redirect",
      "redirect": {
        "regexSubstitution": "lib.baomitu.com/\\1/\\2/\\3"
      }
    },
    "condition": {
      "regexFilter": "ajax\\.googleapis\\.com/ajax/libs/(.*?)/(.*?)/(.*?)",
      "requestDomains": ["ajax.googleapis.com"],
      "resourceTypes": [
        "main_frame",
        "sub_frame",
        "stylesheet",
        "script",
        "image",
        "font",
        "object",
        "xmlhttprequest",
        "ping",
        "csp_report",
        "media",
        "websocket",
        "webtransport",
        "webbundle",
        "other"
      ]
    }
  },
  {
    "id": 6,
    "priority": 403,
    "action": {
      "type": "redirect",
      "redirect": {
        "regexSubstitution": "fastly.jsdelivr.net/npm/\\1@\\2/dist/\\3"
      }
    },
    "condition": {
      "regexFilter": "ajax\\.googleapis\\.com/ajax/libs/(.*?)/([\\.|\\d]*?)/(.*?)",
      "requestDomains": ["ajax.googleapis.com"],
      "resourceTypes": [
        "main_frame",
        "sub_frame",
        "stylesheet",
        "script",
        "image",
        "font",
        "object",
        "xmlhttprequest",
        "ping",
        "csp_report",
        "media",
        "websocket",
        "webtransport",
        "webbundle",
        "other"
      ]
    }
  },
  {
    "id": 7,
    "priority": 408,
    "action": {
      "type": "redirect",
      "redirect": {
        "regexSubstitution": "unpkg.com/\\1@\\2/dist/\\3"
      }
    },
    "condition": {
      "regexFilter": "ajax\\.googleapis\\.com/ajax/libs/(.*?)/([\\.|\\d]*?)/(.*?)",
      "requestDomains": ["ajax.googleapis.com"],
      "resourceTypes": [
        "main_frame",
        "sub_frame",
        "stylesheet",
        "script",
        "image",
        "font",
        "object",
        "xmlhttprequest",
        "ping",
        "csp_report",
        "media",
        "websocket",
        "webtransport",
        "webbundle",
        "other"
      ]
    }
  },
  {
    "id": 8,
    "priority": 409,
    "action": {
      "type": "redirect",
      "redirect": {
        "regexSubstitution": "cdnjs.cloudflare.com/ajax/libs/\\1/\\2/\\3"
      }
    },
    "condition": {
      "regexFilter": "ajax\\.googleapis\\.com/ajax/libs/(.*?)/([\\.|\\d]*?)/(.*?)",
      "requestDomains": ["ajax.googleapis.com"],
      "resourceTypes": [
        "main_frame",
        "sub_frame",
        "stylesheet",
        "script",
        "image",
        "font",
        "object",
        "xmlhttprequest",
        "ping",
        "csp_report",
        "media",
        "websocket",
        "webtransport",
        "webbundle",
        "other"
      ]
    }
  },
  {
    "id": 9,
    "priority": 410,
    "action": {
      "type": "redirect",
      "redirect": {
        "regexSubstitution": "cdn.staticfile.org/\\1/\\2/\\3"
      }
    },
    "condition": {
      "regexFilter": "ajax\\.googleapis\\.com/ajax/libs/(.*?)/([\\.|\\d]*?)/(.*?)",
      "requestDomains": ["ajax.googleapis.com"],
      "resourceTypes": [
        "main_frame",
        "sub_frame",
        "stylesheet",
        "script",
        "image",
        "font",
        "object",
        "xmlhttprequest",
        "ping",
        "csp_report",
        "media",
        "websocket",
        "webtransport",
        "webbundle",
        "other"
      ]
    }
  }
]
