[
  {
    "id": 1,
    "priority": 100,
    "action": {
      "type": "redirect",
      "redirect": {
        "regexSubstitution": "ajax.aspnetcdn.com/ajax/jquery.ui/\\1/\\2"
      }
    },
    "condition": {
      "regexFilter": "code\\.jquery\\.com/ui/(\\d{1,4}\\.\\d{1,4}\\.\\d{1,4})/(.*?)",
      "requestDomains": ["code.jquery.com"],
      "resourceTypes": [
        "main_frame",
        "sub_frame",
        "stylesheet",
        "script",
        "image",
        "font",
        "object",
        "xmlhttprequest",
        "ping",
        "csp_report",
        "media",
        "websocket",
        "webtransport",
        "webbundle",
        "other"
      ]
    }
  },

  {
    "id": 2,
    "priority": 100,
    "action": {
      "type": "redirect",
      "redirect": {
        "regexSubstitution": "lib.baomitu.com/jqueryui/\\1/\\2"
      }
    },
    "condition": {
      "regexFilter": "code\\.jquery\\.com/ui/(\\d{1,4}\\.\\d{1,4}\\.\\d{1,4})/(.*?)",
      "requestDomains": ["code.jquery.com"],
      "resourceTypes": [
        "main_frame",
        "sub_frame",
        "stylesheet",
        "script",
        "image",
        "font",
        "object",
        "xmlhttprequest",
        "ping",
        "csp_report",
        "media",
        "websocket",
        "webtransport",
        "webbundle",
        "other"
      ]
    }
  },

  {
    "id": 3,
    "priority": 100,
    "action": {
      "type": "redirect",
      "redirect": {
        "regexSubstitution": "cdn.staticfile.org/jqueryui/\\1/\\2"
      }
    },
    "condition": {
      "regexFilter": "code\\.jquery\\.com/ui/(\\d{1,4}\\.\\d{1,4}\\.\\d{1,4})/(.*?)",
      "requestDomains": ["code.jquery.com"],
      "resourceTypes": [
        "main_frame",
        "sub_frame",
        "stylesheet",
        "script",
        "image",
        "font",
        "object",
        "xmlhttprequest",
        "ping",
        "csp_report",
        "media",
        "websocket",
        "webtransport",
        "webbundle",
        "other"
      ]
    }
  },

  {
    "id": 4,
    "priority": 100,
    "action": {
      "type": "redirect",
      "redirect": {
        "regexSubstitution": "cdnjs.cloudflare.com/ajax/libs/jqueryui/\\1/\\2"
      }
    },
    "condition": {
      "regexFilter": "code\\.jquery\\.com/ui/(\\d{1,4}\\.\\d{1,4}\\.\\d{1,4})/(.*?)",
      "requestDomains": ["code.jquery.com"],
      "resourceTypes": [
        "main_frame",
        "sub_frame",
        "stylesheet",
        "script",
        "image",
        "font",
        "object",
        "xmlhttprequest",
        "ping",
        "csp_report",
        "media",
        "websocket",
        "webtransport",
        "webbundle",
        "other"
      ]
    }
  },
  {
    "id": 5,
    "priority": 100,
    "action": {
      "type": "redirect",
      "redirect": {
        "regexSubstitution": "fastly.jsdelivr.net/npm/jquery-ui@\\1/dist/\\2"
      }
    },
    "condition": {
      "regexFilter": "code\\.jquery\\.com/ui/(\\d{1,4}\\.\\d{1,4}\\.\\d{1,4})/(.*?)",
      "requestDomains": ["code.jquery.com"],
      "resourceTypes": [
        "main_frame",
        "sub_frame",
        "stylesheet",
        "script",
        "image",
        "font",
        "object",
        "xmlhttprequest",
        "ping",
        "csp_report",
        "media",
        "websocket",
        "webtransport",
        "webbundle",
        "other"
      ]
    }
  },
  {
    "id": 5,
    "priority": 100,
    "action": {
      "type": "redirect",
      "redirect": {
        "regexSubstitution": "lf3-cdn-tos.bytecdntp.com/cdn/expire-1-y/jqueryui/\\1/\\2"
      }
    },
    "condition": {
      "regexFilter": "code\\.jquery\\.com/ui/(\\d{1,4}\\.\\d{1,4}\\.\\d{1,4})/(.*?)",
      "requestDomains": ["code.jquery.com"],
      "resourceTypes": [
        "main_frame",
        "sub_frame",
        "stylesheet",
        "script",
        "image",
        "font",
        "object",
        "xmlhttprequest",
        "ping",
        "csp_report",
        "media",
        "websocket",
        "webtransport",
        "webbundle",
        "other"
      ]
    }
  }
]
