[
  {
    "id": 1,
    "priority": 100,
    "action": {
      "type": "redirect",
      "redirect": {
        "regexSubstitution": "https://ajax.aspnetcdn.com/ajax/jquery.ui/\\1/\\2"
      }
    },
    "condition": {
      "regexFilter": "^https?://code\\.jquery\\.com/ui/(\\d{1,4}\\.\\d{1,4}\\.\\d{1,4})/(.*?)",
      "requestDomains": ["code.jquery.com"],
      "resourceTypes": [
        "main_frame",
        "sub_frame",
        "stylesheet",
        "script",
        "image",
        "font",
        "object",
        "xmlhttprequest",
        "ping",
        "csp_report",
        "media",
        "websocket",

        "other"
      ]
    }
  },

  {
    "id": 2,
    "priority": 100,
    "action": {
      "type": "redirect",
      "redirect": {
        "regexSubstitution": "https://lib.baomitu.com/jqueryui/\\1/\\2"
      }
    },
    "condition": {
      "regexFilter": "^https?://code\\.jquery\\.com/ui/(\\d{1,4}\\.\\d{1,4}\\.\\d{1,4})/(.*?)",
      "requestDomains": ["code.jquery.com"],
      "resourceTypes": [
        "main_frame",
        "sub_frame",
        "stylesheet",
        "script",
        "image",
        "font",
        "object",
        "xmlhttprequest",
        "ping",
        "csp_report",
        "media",
        "websocket",

        "other"
      ]
    }
  },
  {
    "id": 4,
    "priority": 100,
    "action": {
      "type": "redirect",
      "redirect": {
        "regexSubstitution": "https://cdnjs.cloudflare.com/ajax/libs/jqueryui/\\1/\\2"
      }
    },
    "condition": {
      "regexFilter": "^https?://code\\.jquery\\.com/ui/(\\d{1,4}\\.\\d{1,4}\\.\\d{1,4})/(.*?)",
      "requestDomains": ["code.jquery.com"],
      "resourceTypes": [
        "main_frame",
        "sub_frame",
        "stylesheet",
        "script",
        "image",
        "font",
        "object",
        "xmlhttprequest",
        "ping",
        "csp_report",
        "media",
        "websocket",

        "other"
      ]
    }
  },
  {
    "id": 5,
    "priority": 100,
    "action": {
      "type": "redirect",
      "redirect": {
        "regexSubstitution": "https://fastly.jsdelivr.net/npm/jquery-ui@\\1/dist/\\2"
      }
    },
    "condition": {
      "regexFilter": "^https?://code\\.jquery\\.com/ui/(\\d{1,4}\\.\\d{1,4}\\.\\d{1,4})/(.*?)",
      "requestDomains": ["code.jquery.com"],
      "resourceTypes": [
        "main_frame",
        "sub_frame",
        "stylesheet",
        "script",
        "image",
        "font",
        "object",
        "xmlhttprequest",
        "ping",
        "csp_report",
        "media",
        "websocket",

        "other"
      ]
    }
  },
  {
    "id": 5,
    "priority": 100,
    "action": {
      "type": "redirect",
      "redirect": {
        "regexSubstitution": "https://lf3-cdn-tos.bytecdntp.com/cdn/expire-1-y/jqueryui/\\1/\\2"
      }
    },
    "condition": {
      "regexFilter": "^https?://code\\.jquery\\.com/ui/(\\d{1,4}\\.\\d{1,4}\\.\\d{1,4})/(.*?)",
      "requestDomains": ["code.jquery.com"],
      "resourceTypes": [
        "main_frame",
        "sub_frame",
        "stylesheet",
        "script",
        "image",
        "font",
        "object",
        "xmlhttprequest",
        "ping",
        "csp_report",
        "media",
        "websocket",

        "other"
      ]
    }
  }
]
