[
  {
    "id": 1,
    "priority": 100,
    "action": {
      "type": "redirect",
      "redirect": {
        "regexSubstitution": "lib.baomitu.com/jquery/\\1/jquery\\2"
      }
    },
    "condition": {
      "regexFilter": "code.jquery.com/jquery-(\\d{1,4}\\.\\d{1,4}\\.\\d{1,4})(.*?)",
      "requestDomains": ["code.jquery.com"],
      "resourceTypes": [
        "main_frame",
        "sub_frame",
        "stylesheet",
        "script",
        "image",
        "font",
        "object",
        "xmlhttprequest",
        "ping",
        "csp_report",
        "media",
        "websocket",
        "webtransport",
        "webbundle",
        "other"
      ]
    }
  },

  {
    "id": 2,
    "priority": 100,
    "action": {
      "type": "redirect",
      "redirect": {
        "regexSubstitution": "cdn.staticfile.org/jquery/\\1/jquery\\2"
      }
    },
    "condition": {
      "regexFilter": "code.jquery.com/jquery-(\\d{1,4}\\.\\d{1,4}\\.\\d{1,4})(.*?)",
      "requestDomains": ["code.jquery.com"],
      "resourceTypes": [
        "main_frame",
        "sub_frame",
        "stylesheet",
        "script",
        "image",
        "font",
        "object",
        "xmlhttprequest",
        "ping",
        "csp_report",
        "media",
        "websocket",
        "webtransport",
        "webbundle",
        "other"
      ]
    }
  },

  {
    "id": 3,
    "priority": 100,
    "action": {
      "type": "redirect",
      "redirect": {
        "regexSubstitution": "cdnjs.cloudflare.com/ajax/libs/jquery/\\1/jquery\\2"
      }
    },
    "condition": {
      "regexFilter": "code.jquery.com/jquery-(\\d{1,4}\\.\\d{1,4}\\.\\d{1,4})(.*?)",
      "requestDomains": ["code.jquery.com"],
      "resourceTypes": [
        "main_frame",
        "sub_frame",
        "stylesheet",
        "script",
        "image",
        "font",
        "object",
        "xmlhttprequest",
        "ping",
        "csp_report",
        "media",
        "websocket",
        "webtransport",
        "webbundle",
        "other"
      ]
    }
  },

  {
    "id": 4,
    "priority": 100,
    "action": {
      "type": "redirect",
      "redirect": {
        "regexSubstitution": "fastly.jsdelivr.net/npm/jquery@\\1/dist/jquery\\2"
      }
    },
    "condition": {
      "regexFilter": "code.jquery.com/jquery-(\\d{1,4}\\.\\d{1,4}\\.\\d{1,4})(.*?)",
      "requestDomains": ["code.jquery.com"],
      "resourceTypes": [
        "main_frame",
        "sub_frame",
        "stylesheet",
        "script",
        "image",
        "font",
        "object",
        "xmlhttprequest",
        "ping",
        "csp_report",
        "media",
        "websocket",
        "webtransport",
        "webbundle",
        "other"
      ]
    }
  },

  {
    "id": 5,
    "priority": 101,
    "action": {
      "type": "redirect",
      "redirect": {
        "regexSubstitution": "ajax.aspnetcdn.com/ajax/jQuery/jquery-\\1\\2"
      }
    },
    "condition": {
      "regexFilter": "code.jquery.com/jquery-(\\d{1,4}\\.\\d{1,4}\\.\\d{1,4})(.*?)",
      "requestDomains": ["code.jquery.com"],
      "resourceTypes": [
        "main_frame",
        "sub_frame",
        "stylesheet",
        "script",
        "image",
        "font",
        "object",
        "xmlhttprequest",
        "ping",
        "csp_report",
        "media",
        "websocket",
        "webtransport",
        "webbundle",
        "other"
      ]
    }
  }
]
