[
  {
    "id": 1,
    "priority": 100,
    "action": {
      "type": "redirect",
      "redirect": {
        "transform": {
          "scheme": "https",
          "host": "gravatar.loli.net"
        }
      }
    },
    "condition": {
      "urlFilter": "gravatar.com",
      "requestDomains": [
        "secure.gravatar.com",
        "www.gravatar.com",
        "cn.gravatar.com",
        "en.gravatar.com"
      ],
      "resourceTypes": [
        "main_frame",
        "sub_frame",
        "stylesheet",
        "script",
        "image",
        "font",
        "object",
        "xmlhttprequest",
        "ping",
        "csp_report",
        "media",
        "websocket",
        "webtransport",
        "webbundle",
        "other"
      ]
    }
  },

  {
    "id": 2,
    "priority": 100,
    "action": {
      "type": "redirect",
      "redirect": {
        "transform": {
          "scheme": "https",
          "host": "use.sevencdn.com"
        }
      }
    },
    "condition": {
      "urlFilter": "gravatar.com",
      "requestDomains": [
        "secure.gravatar.com",
        "www.gravatar.com",
        "cn.gravatar.com",
        "en.gravatar.com"
      ],
      "resourceTypes": [
        "main_frame",
        "sub_frame",
        "stylesheet",
        "script",
        "image",
        "font",
        "object",
        "xmlhttprequest",
        "ping",
        "csp_report",
        "media",
        "websocket",
        "webtransport",
        "webbundle",
        "other"
      ]
    }
  },

  {
    "id": 3,
    "priority": 100,
    "action": {
      "type": "redirect",
      "redirect": {
        "transform": {
          "scheme": "https",
          "host": "sdn.geekzu.org"
        }
      }
    },
    "condition": {
      "urlFilter": "gravatar.com",
      "requestDomains": [
        "secure.gravatar.com",
        "www.gravatar.com",
        "cn.gravatar.com",
        "en.gravatar.com"
      ],
      "resourceTypes": [
        "main_frame",
        "sub_frame",
        "stylesheet",
        "script",
        "image",
        "font",
        "object",
        "xmlhttprequest",
        "ping",
        "csp_report",
        "media",
        "websocket",
        "webtransport",
        "webbundle",
        "other"
      ]
    }
  },

  {
    "id": 4,
    "priority": 100,
    "action": {
      "type": "redirect",
      "redirect": {
        "transform": {
          "scheme": "https",
          "host": "gravatar.cdn.haah.net"
        }
      }
    },
    "condition": {
      "urlFilter": "gravatar.com",
      "requestDomains": [
        "secure.gravatar.com",
        "www.gravatar.com",
        "cn.gravatar.com",
        "en.gravatar.com"
      ],
      "resourceTypes": [
        "main_frame",
        "sub_frame",
        "stylesheet",
        "script",
        "image",
        "font",
        "object",
        "xmlhttprequest",
        "ping",
        "csp_report",
        "media",
        "websocket",
        "webtransport",
        "webbundle",
        "other"
      ]
    }
  },

  {
    "id": 5,
    "priority": 100,
    "action": {
      "type": "redirect",
      "redirect": {
        "transform": {
          "scheme": "https",
          "host": "avatar.sourcegcdn.com"
        }
      }
    },
    "condition": {
      "urlFilter": "gravatar.com",
      "requestDomains": [
        "secure.gravatar.com",
        "www.gravatar.com",
        "cn.gravatar.com",
        "en.gravatar.com"
      ],
      "resourceTypes": [
        "main_frame",
        "sub_frame",
        "stylesheet",
        "script",
        "image",
        "font",
        "object",
        "xmlhttprequest",
        "ping",
        "csp_report",
        "media",
        "websocket",
        "webtransport",
        "webbundle",
        "other"
      ]
    }
  }
]
