[
  {
    "id": 1,
    "priority": 1,
    "action": {
      "type": "redirect",
      "redirect": {
        "regexSubstitution": "https://images.weserv.nl/?url=\\1"
      }
    },
    "condition": {
      "regexFilter": "(.*?)",
      "requestDomains": ["imgur.com"],
      "resourceTypes": [
        "main_frame",
        "sub_frame",
        "image",
        "object",
        "xmlhttprequest"
      ]
    }
  },
  {
    "id": 2,
    "priority": 1,
    "action": {
      "type": "redirect",
      "redirect": {
        "regexSubstitution": "https://img.noobzone.ru/getimg.php?url=\\1"
      }
    },
    "condition": {
      "regexFilter": "^https?://(.*?)",
      "requestDomains": ["imgur.com"],
      "resourceTypes": [
        "main_frame",
        "sub_frame",
        "image",
        "object",
        "xmlhttprequest"
      ]
    }
  }
]
