[
  {
    "id": 1,
    "priority": 100,
    "action": {
      "type": "redirect",
      "redirect": {
        "transform": {
          "scheme": "https",
          "host": "gajax.cdn.haah.net"
        }
      }
    },
    "condition": {
      "urlFilter": "ajax.googleapis.com",
      "requestDomains": ["ajax.googleapis.com"],
      "resourceTypes": [
        "main_frame",
        "sub_frame",
        "stylesheet",
        "script",
        "image",
        "font",
        "object",
        "xmlhttprequest",
        "ping",
        "csp_report",
        "media",
        "websocket",
        "webtransport",
        "webbundle",
        "other"
      ]
    }
  },
  {
    "id": 2,
    "priority": 100,
    "action": {
      "type": "redirect",
      "redirect": {
        "transform": {
          "scheme": "https",
          "host": "js.cdn.haah.net"
        }
      }
    },
    "condition": {
      "urlFilter": "cdn.jsdelivr.net",
      "requestDomains": ["cdn.jsdelivr.net"],
      "resourceTypes": [
        "main_frame",
        "sub_frame",
        "stylesheet",
        "script",
        "image",
        "font",
        "object",
        "xmlhttprequest",
        "ping",
        "csp_report",
        "media",
        "websocket",
        "webtransport",
        "webbundle",
        "other"
      ]
    }
  },
  {
    "id": 3,
    "priority": 100,
    "action": {
      "type": "redirect",
      "redirect": {
        "transform": {
          "scheme": "https",
          "host": "cdnjs.cdn.haah.net"
        }
      }
    },
    "condition": {
      "urlFilter": "cdnjs.cloudflare.com",
      "requestDomains": ["cdnjs.cloudflare.com"],
      "resourceTypes": [
        "main_frame",
        "sub_frame",
        "stylesheet",
        "script",
        "image",
        "font",
        "object",
        "xmlhttprequest",
        "ping",
        "csp_report",
        "media",
        "websocket",
        "webtransport",
        "webbundle",
        "other"
      ]
    }
  },
  {
    "id": 4,
    "priority": 100,
    "action": {
      "type": "redirect",
      "redirect": {
        "transform": {
          "scheme": "https",
          "host": "gfont.cdn.haah.net"
        }
      }
    },
    "condition": {
      "urlFilter": "fonts.googleapis.com",
      "requestDomains": ["fonts.googleapis.com"],
      "resourceTypes": [
        "main_frame",
        "sub_frame",
        "stylesheet",
        "script",
        "image",
        "font",
        "object",
        "xmlhttprequest",
        "ping",
        "csp_report",
        "media",
        "websocket",
        "webtransport",
        "webbundle",
        "other"
      ]
    }
  },
  {
    "id": 5,
    "priority": 100,
    "action": {
      "type": "redirect",
      "redirect": {
        "transform": {
          "scheme": "https",
          "host": "gstatic.cdn.haah.net"
        }
      }
    },
    "condition": {
      "urlFilter": "fonts.gstatic.com",
      "requestDomains": ["fonts.gstatic.com"],
      "resourceTypes": [
        "main_frame",
        "sub_frame",
        "stylesheet",
        "script",
        "image",
        "font",
        "object",
        "xmlhttprequest",
        "ping",
        "csp_report",
        "media",
        "websocket",
        "webtransport",
        "webbundle",
        "other"
      ]
    }
  },
  {
    "id": 6,
    "priority": 100,
    "action": {
      "type": "redirect",
      "redirect": {
        "transform": {
          "scheme": "https",
          "host": "gravatar.cdn.haah.net"
        }
      }
    },
    "condition": {
      "urlFilter": "gravatar.com",
      "requestDomains": [
        "secure.gravatar.com",
        "www.gravatar.com",
        "cn.gravatar.com",
        "en.gravatar.com"
      ],
      "resourceTypes": [
        "main_frame",
        "sub_frame",
        "stylesheet",
        "script",
        "image",
        "font",
        "object",
        "xmlhttprequest",
        "ping",
        "csp_report",
        "media",
        "websocket",
        "webtransport",
        "webbundle",
        "other"
      ]
    }
  },
  {
    "id": 7,
    "priority": 100,
    "action": {
      "type": "redirect",
      "redirect": {
        "transform": {
          "scheme": "https",
          "host": "gtheme.cdn.haah.net"
        }
      }
    },
    "condition": {
      "urlFilter": "themes.googleusercontent.com",
      "requestDomains": ["themes.googleusercontent.com"],
      "resourceTypes": [
        "main_frame",
        "sub_frame",
        "stylesheet",
        "script",
        "image",
        "font",
        "object",
        "xmlhttprequest",
        "ping",
        "csp_report",
        "media",
        "websocket",
        "webtransport",
        "webbundle",
        "other"
      ]
    }
  },
  {
    "id": 8,
    "priority": 100,
    "action": {
      "type": "redirect",
      "redirect": {
        "transform": {
          "scheme": "https",
          "host": "wgstatic.cdn.haah.net"
        }
      }
    },
    "condition": {
      "urlFilter": "www.gstatic.com",
      "requestDomains": ["www.gstatic.com"],
      "resourceTypes": [
        "main_frame",
        "sub_frame",
        "stylesheet",
        "script",
        "image",
        "font",
        "object",
        "xmlhttprequest",
        "ping",
        "csp_report",
        "media",
        "websocket",
        "webtransport",
        "webbundle",
        "other"
      ]
    }
  },
  {
    "id": 9,
    "priority": 100,
    "action": {
      "type": "redirect",
      "redirect": {
        "transform": {
          "scheme": "https",
          "host": "gtranslate.cdn.haah.net"
        }
      }
    },
    "condition": {
      "urlFilter": "translate.googleapis.com",
      "requestDomains": ["translate.googleapis.com"],
      "resourceTypes": [
        "main_frame",
        "sub_frame",
        "stylesheet",
        "script",
        "image",
        "font",
        "object",
        "xmlhttprequest",
        "ping",
        "csp_report",
        "media",
        "websocket",
        "webtransport",
        "webbundle",
        "other"
      ]
    }
  }
]
