[
  {
    "id": 1,
    "priority": 100,
    "action": {
      "type": "redirect",
      "redirect": {
        "transform": {
          "scheme": "https",
          "host": "ajax.loli.net"
        }
      }
    },
    "condition": {
      "urlFilter": "|http*://ajax.googleapis.com",
      "requestDomains": ["ajax.googleapis.com"],
      "resourceTypes": [
        "main_frame",
        "sub_frame",
        "stylesheet",
        "script",
        "image",
        "font",
        "object",
        "xmlhttprequest",
        "ping",
        "csp_report",
        "media",
        "websocket",
        "other"
      ]
    }
  },
  {
    "id": 2,
    "priority": 100,
    "action": {
      "type": "redirect",
      "redirect": {
        "transform": {
          "scheme": "https",
          "host": "ajax.proxy.ustclug.org"
        }
      }
    },
    "condition": {
      "urlFilter": "|http*://ajax.googleapis.com",
      "requestDomains": ["ajax.googleapis.com"],
      "resourceTypes": [
        "main_frame",
        "sub_frame",
        "stylesheet",
        "script",
        "image",
        "font",
        "object",
        "xmlhttprequest",
        "ping",
        "csp_report",
        "media",
        "websocket",
        "other"
      ]
    }
  },
  {
    "id": 3,
    "priority": 100,
    "action": {
      "type": "redirect",
      "redirect": {
        "regexSubstitution": "https://use.sevencdn.com/gajax/\\1"
      }
    },
    "condition": {
      "regexFilter": "^https?://ajax\\.googleapis\\.com/ajax/(.*?)",
      "requestDomains": ["ajax.googleapis.com"],
      "resourceTypes": [
        "main_frame",
        "sub_frame",
        "stylesheet",
        "script",
        "image",
        "font",
        "object",
        "xmlhttprequest",
        "ping",
        "csp_report",
        "media",
        "websocket",
        "other"
      ]
    }
  },
  {
    "id": 4,
    "priority": 100,
    "action": {
      "type": "redirect",
      "redirect": {
        "regexSubstitution": "https://mirrors.sustech.edu.cn/cdnjs/ajax/libs/\\1"
      }
    },
    "condition": {
      "regexFilter": "^https?://ajax\\.googleapis\\.com/ajax/libs/(.*?)",
      "requestDomains": ["ajax.googleapis.com"],
      "resourceTypes": [
        "main_frame",
        "sub_frame",
        "stylesheet",
        "script",
        "image",
        "font",
        "object",
        "xmlhttprequest",
        "ping",
        "csp_report",
        "media",
        "websocket",
        "other"
      ]
    }
  },
  {
    "id": 7,
    "priority": 90,
    "action": {
      "type": "redirect",
      "redirect": {
        "regexSubstitution": "https://lf9-cdn-tos.bytecdntp.com/cdn/expire-1-y/\\1/\\2/\\3"
      }
    },
    "condition": {
      "regexFilter": "^https?://ajax\\.googleapis\\.com/ajax/libs/(.*?)/(.*?)/(.*?)",
      "requestDomains": ["ajax.googleapis.com"],
      "resourceTypes": [
        "main_frame",
        "sub_frame",
        "stylesheet",
        "script",
        "image",
        "font",
        "object",
        "xmlhttprequest",
        "ping",
        "csp_report",
        "media",
        "websocket",
        "other"
      ]
    }
  },
  {
    "id": 8,
    "priority": 90,
    "action": {
      "type": "redirect",
      "redirect": {
        "regexSubstitution": "https://lib.baomitu.com/\\1/\\2/\\3"
      }
    },
    "condition": {
      "regexFilter": "^https?://ajax\\.googleapis\\.com/ajax/libs/(.*?)/(.*?)/(.*?)",
      "requestDomains": ["ajax.googleapis.com"],
      "resourceTypes": [
        "main_frame",
        "sub_frame",
        "stylesheet",
        "script",
        "image",
        "font",
        "object",
        "xmlhttprequest",
        "ping",
        "csp_report",
        "media",
        "websocket",
        "other"
      ]
    }
  },
  {
    "id": 9,
    "priority": 90,
    "action": {
      "type": "redirect",
      "redirect": {
        "regexSubstitution": "https://fastly.jsdelivr.net/npm/\\1@\\2/dist/\\3"
      }
    },
    "condition": {
      "regexFilter": "^https?://ajax\\.googleapis\\.com/ajax/libs/(.*?)/([\\.|\\d]*?)/(.*?)",
      "requestDomains": ["ajax.googleapis.com"],
      "resourceTypes": [
        "main_frame",
        "sub_frame",
        "stylesheet",
        "script",
        "image",
        "font",
        "object",
        "xmlhttprequest",
        "ping",
        "csp_report",
        "media",
        "websocket",
        "other"
      ]
    }
  },
  {
    "id": 10,
    "priority": 90,
    "action": {
      "type": "redirect",
      "redirect": {
        "regexSubstitution": "https://unpkg.com/\\1@\\2/dist/\\3"
      }
    },
    "condition": {
      "regexFilter": "^https?://ajax\\.googleapis\\.com/ajax/libs/(.*?)/([\\.|\\d]*?)/(.*?)",
      "requestDomains": ["ajax.googleapis.com"],
      "resourceTypes": [
        "main_frame",
        "sub_frame",
        "stylesheet",
        "script",
        "image",
        "font",
        "object",
        "xmlhttprequest",
        "ping",
        "csp_report",
        "media",
        "websocket",
        "other"
      ]
    }
  },
  {
    "id": 11,
    "priority": 90,
    "action": {
      "type": "redirect",
      "redirect": {
        "regexSubstitution": "https://cdnjs.cloudflare.com/ajax/libs/\\1/\\2/\\3"
      }
    },
    "condition": {
      "regexFilter": "^https?://ajax\\.googleapis\\.com/ajax/libs/(.*?)/([\\.|\\d]*?)/(.*?)",
      "requestDomains": ["ajax.googleapis.com"],
      "resourceTypes": [
        "main_frame",
        "sub_frame",
        "stylesheet",
        "script",
        "image",
        "font",
        "object",
        "xmlhttprequest",
        "ping",
        "csp_report",
        "media",
        "websocket",
        "other"
      ]
    }
  }
]
