[
  {
    "id": 1,
    "priority": 100,
    "action": {
      "type": "redirect",
      "redirect": {
        "transform": { "scheme": "https", "host": "cdnjs.loli.net" }
      }
    },
    "condition": {
      "urlFilter": "|http*://cdnjs.cloudflare.com/ajax/libs",
      "requestDomains": ["cdnjs.cloudflare.com"],
      "resourceTypes": [
        "main_frame",
        "sub_frame",
        "stylesheet",
        "script",
        "image",
        "font",
        "object",
        "xmlhttprequest",
        "ping",
        "csp_report",
        "media",
        "websocket",

        "other"
      ]
    }
  },

  {
    "id": 2,
    "priority": 100,
    "action": {
      "type": "redirect",
      "redirect": {
        "transform": { "scheme": "https", "host": "use.sevencdn.com" }
      }
    },
    "condition": {
      "urlFilter": "|http*://cdnjs.cloudflare.com/ajax/libs",
      "requestDomains": ["cdnjs.cloudflare.com"],
      "resourceTypes": [
        "main_frame",
        "sub_frame",
        "stylesheet",
        "script",
        "image",
        "font",
        "object",
        "xmlhttprequest",
        "ping",
        "csp_report",
        "media",
        "websocket",

        "other"
      ]
    }
  },

  {
    "id": 3,
    "priority": 100,
    "action": {
      "type": "redirect",
      "redirect": {
        "regexSubstitution": "https://mirrors.sustech.edu.cn/cdnjs/ajax/libs/\\1"
      }
    },
    "condition": {
      "regexFilter": "^https?://cdnjs\\.cloudflare\\.com/ajax/libs/(.*?)",
      "requestDomains": ["cdnjs.cloudflare.com"],
      "resourceTypes": [
        "main_frame",
        "sub_frame",
        "stylesheet",
        "script",
        "image",
        "font",
        "object",
        "xmlhttprequest",
        "ping",
        "csp_report",
        "media",
        "websocket",

        "other"
      ]
    }
  },
  {
    "id": 6,
    "priority": 90,
    "action": {
      "type": "redirect",
      "redirect": {
        "regexSubstitution": "https://fastly.jsdelivr.net/npm/\\1@\\2/dist/\\3"
      }
    },
    "condition": {
      "regexFilter": "^https?://cdnjs\\.cloudflare\\.com/ajax/libs/(.*?)/([\\.|\\d]*?)/(.*?)",
      "requestDomains": ["cdnjs.cloudflare.com"],
      "resourceTypes": [
        "main_frame",
        "sub_frame",
        "stylesheet",
        "script",
        "image",
        "font",
        "object",
        "xmlhttprequest",
        "ping",
        "csp_report",
        "media",
        "websocket",

        "other"
      ]
    }
  }
]
