[
  {
    "id": 1,
    "priority": 100,
    "action": {
      "type": "redirect",
      "redirect": {
        "transform": { "scheme": "https", "host": "cdnjs.loli.net" }
      }
    },
    "condition": {
      "urlFilter": "cdnjs.cloudflare.com/ajax/libs",
      "requestDomains": ["cdnjs.cloudflare.com"],
      "resourceTypes": [
        "main_frame",
        "sub_frame",
        "stylesheet",
        "script",
        "image",
        "font",
        "object",
        "xmlhttprequest",
        "ping",
        "csp_report",
        "media",
        "websocket",
        "webtransport",
        "webbundle",
        "other"
      ]
    }
  },

  {
    "id": 2,
    "priority": 100,
    "action": {
      "type": "redirect",
      "redirect": {
        "transform": { "scheme": "https", "host": "use.sevencdn.com" }
      }
    },
    "condition": {
      "urlFilter": "cdnjs.cloudflare.com/ajax/libs",
      "requestDomains": ["cdnjs.cloudflare.com"],
      "resourceTypes": [
        "main_frame",
        "sub_frame",
        "stylesheet",
        "script",
        "image",
        "font",
        "object",
        "xmlhttprequest",
        "ping",
        "csp_report",
        "media",
        "websocket",
        "webtransport",
        "webbundle",
        "other"
      ]
    }
  },

  {
    "id": 3,
    "priority": 100,
    "action": {
      "type": "redirect",
      "redirect": {
        "regexSubstitution": "mirrors.sustech.edu.cn/cdnjs/ajax/libs/\\1"
      }
    },
    "condition": {
      "regexFilter": "cdnjs\\.cloudflare\\.com/ajax/libs/(.*?)",
      "requestDomains": ["cdnjs.cloudflare.com"],
      "resourceTypes": [
        "main_frame",
        "sub_frame",
        "stylesheet",
        "script",
        "image",
        "font",
        "object",
        "xmlhttprequest",
        "ping",
        "csp_report",
        "media",
        "websocket",
        "webtransport",
        "webbundle",
        "other"
      ]
    }
  },
  {
    "id": 5,
    "priority": 100,
    "action": {
      "type": "redirect",
      "redirect": {
        "transform": {
          "scheme": "https",
          "host": "cdnjs.sourcegcdn.com"
        }
      }
    },
    "condition": {
      "urlFilter": "cdnjs.cloudflare.com",
      "requestDomains": ["cdnjs.cloudflare.com"],
      "resourceTypes": [
        "main_frame",
        "sub_frame",
        "stylesheet",
        "script",
        "image",
        "font",
        "object",
        "xmlhttprequest",
        "ping",
        "csp_report",
        "media",
        "websocket",
        "webtransport",
        "webbundle",
        "other"
      ]
    }
  },

  {
    "id": 6,
    "priority": 90,
    "action": {
      "type": "redirect",
      "redirect": {
        "regexSubstitution": "fastly.jsdelivr.net/npm/\\1@\\2/dist/\\3"
      }
    },
    "condition": {
      "regexFilter": "cdnjs\\.cloudflare\\.com/ajax/libs/(.*?)/([\\.|\\d]*?)/(.*?)",
      "requestDomains": ["cdnjs.cloudflare.com"],
      "resourceTypes": [
        "main_frame",
        "sub_frame",
        "stylesheet",
        "script",
        "image",
        "font",
        "object",
        "xmlhttprequest",
        "ping",
        "csp_report",
        "media",
        "websocket",
        "webtransport",
        "webbundle",
        "other"
      ]
    }
  }
]
