[
  {
    "id": 1,
    "priority": 100,
    "action": {
      "type": "redirect",
      "redirect": {
        "transform": {
          "scheme": "https",
          "host": "fonts.loli.net"
        }
      }
    },
    "condition": {
      "urlFilter": "|http*://fonts.googleapis.com",
      "requestDomains": ["fonts.googleapis.com"],
      "resourceTypes": [
        "main_frame",
        "sub_frame",
        "stylesheet",
        "script",
        "image",
        "font",
        "object",
        "xmlhttprequest",
        "ping",
        "csp_report",
        "media",
        "websocket",

        "other"
      ]
    }
  },

  {
    "id": 2,
    "priority": 100,
    "action": {
      "type": "redirect",
      "redirect": {
        "transform": {
          "scheme": "https",
          "host": "use.sevencdn.com"
        }
      }
    },
    "condition": {
      "urlFilter": "|http*://fonts.googleapis.com",
      "requestDomains": ["fonts.googleapis.com"],
      "resourceTypes": [
        "main_frame",
        "sub_frame",
        "stylesheet",
        "script",
        "image",
        "font",
        "object",
        "xmlhttprequest",
        "ping",
        "csp_report",
        "media",
        "websocket",

        "other"
      ]
    }
  },

  {
    "id": 4,
    "priority": 100,
    "action": {
      "type": "redirect",
      "redirect": {
        "transform": {
          "scheme": "https",
          "host": "fonts.googleapis.cn"
        }
      }
    },
    "condition": {
      "urlFilter": "|http*://fonts.googleapis.com",
      "requestDomains": ["fonts.googleapis.com"],
      "resourceTypes": [
        "main_frame",
        "sub_frame",
        "stylesheet",
        "script",
        "image",
        "font",
        "object",
        "xmlhttprequest",
        "ping",
        "csp_report",
        "media",
        "websocket",

        "other"
      ]
    }
  },
  {
    "id": 6,
    "priority": 100,
    "action": {
      "type": "redirect",
      "redirect": {
        "transform": {
          "scheme": "https",
          "host": "fonts.sourcegcdn.com"
        }
      }
    },
    "condition": {
      "urlFilter": "|http*://fonts.googleapis.com",
      "requestDomains": ["fonts.googleapis.com"],
      "resourceTypes": [
        "main_frame",
        "sub_frame",
        "stylesheet",
        "script",
        "image",
        "font",
        "object",
        "xmlhttprequest",
        "ping",
        "csp_report",
        "media",
        "websocket",

        "other"
      ]
    }
  }
]
