[
  {
    "action": {
      "redirect": {
        "transform": {
          "host": "source.android.google.cn",
          "scheme": "https"
        }
      },
      "type": "redirect"
    },
    "condition": {
      "requestDomains": ["source.android.com"],
      "resourceTypes": [
        "main_frame",
        "sub_frame",
        "stylesheet",
        "script",
        "image",
        "font",
        "object",
        "xmlhttprequest",
        "ping",
        "csp_report",
        "media",
        "websocket",

        "other"
      ],
      "urlFilter": "|http*://source.android.com"
    },
    "id": 13,
    "priority": 1
  }
]
