[
  {
    "id": 1,
    "priority": 100,
    "action": {
      "type": "redirect",
      "redirect": {
        "transform": {
          "scheme": "https",
          "host": "gstatic.loli.net"
        }
      }
    },
    "condition": {
      "urlFilter": "|http*://fonts.gstatic.com",
      "requestDomains": ["fonts.gstatic.com"],
      "resourceTypes": [
        "main_frame",
        "sub_frame",
        "stylesheet",
        "script",
        "image",
        "font",
        "object",
        "xmlhttprequest",
        "ping",
        "csp_report",
        "media",
        "websocket",

        "other"
      ]
    }
  },

  {
    "id": 2,
    "priority": 100,
    "action": {
      "type": "redirect",
      "redirect": {
        "regexSubstitution": "https://gapis.geekzu.org/g-fonts/\\1"
      }
    },
    "condition": {
      "regexFilter": "^https?://fonts\\.gstatic\\.com/(.*?)",
      "requestDomains": ["fonts.gstatic.com"],
      "resourceTypes": [
        "main_frame",
        "sub_frame",
        "stylesheet",
        "script",
        "image",
        "font",
        "object",
        "xmlhttprequest",
        "ping",
        "csp_report",
        "media",
        "websocket",

        "other"
      ]
    }
  },

  {
    "id": 3,
    "priority": 100,
    "action": {
      "type": "redirect",
      "redirect": {
        "transform": {
          "scheme": "https",
          "host": "fonts.gstatic.cn"
        }
      }
    },
    "condition": {
      "urlFilter": "|http*://fonts.gstatic.com",
      "requestDomains": ["fonts.gstatic.com"],
      "resourceTypes": [
        "main_frame",
        "sub_frame",
        "stylesheet",
        "script",
        "image",
        "font",
        "object",
        "xmlhttprequest",
        "ping",
        "csp_report",
        "media",
        "websocket",

        "other"
      ]
    }
  }
]
