[
  {
    "id": 1,
    "priority": 1,
    "action": {
      "type": "redirect",
      "redirect": {
        "regexSubstitution": "https://images.weserv.nl/?url=\\1"
      }
    },
    "condition": {
      "regexFilter": "(.*?)",
      "requestDomains": ["imgur.com"],
      "resourceTypes": [
        "main_frame",
        "sub_frame",
        "image",
        "object",
        "xmlhttprequest"
      ]
    }
  },
  {
    "id": 2,
    "priority": 1,
    "action": {
      "type": "redirect",
      "redirect": {
        "regexSubstitution": "https://img.noobzone.ru/getimg.php?url=\\2"
      }
    },
    "condition": {
      "regexFilter": "(http[s]{0,1}://)(.*?)",
      "requestDomains": ["imgur.com"],
      "resourceTypes": [
        "main_frame",
        "sub_frame",
        "image",
        "object",
        "xmlhttprequest"
      ]
    }
  },
  {
    "id": 4,
    "priority": 1,
    "action": {
      "type": "redirect",
      "redirect": {
        "regexSubstitution": "https://pic1.xuehuaimg.com/proxy/\\2"
      }
    },
    "condition": {
      "regexFilter": "(http[s]{0,1}://)(.*?)",
      "requestDomains": ["imgur.com"],
      "resourceTypes": [
        "main_frame",
        "sub_frame",
        "image",
        "object",
        "xmlhttprequest"
      ]
    }
  },
  {
    "id": 5,
    "priority": 1,
    "action": {
      "type": "redirect",
      "redirect": {
        "regexSubstitution": "https://search.pstatic.net/common?src=\\1"
      }
    },
    "condition": {
      "regexFilter": "(.*?)",
      "requestDomains": ["imgur.com"],
      "resourceTypes": [
        "main_frame",
        "sub_frame",
        "image",
        "object",
        "xmlhttprequest"
      ]
    }
  }
]
