[
  {
    "id": 1,
    "priority": 100,
    "action": {
      "type": "redirect",
      "redirect": {
        "regexSubstitution": "lib.baomitu.com/twitter-bootstrap/\\1/\\2"
      }
    },
    "condition": {
      "regexFilter": "maxcdn\\.bootstrapcdn\\.com/bootstrap/(\\d{1,4}\\.\\d{1,4}\\.\\d{1,4})/(.*?)",
      "requestDomains": ["maxcdn.bootstrapcdn.com"],
      "resourceTypes": [
        "main_frame",
        "sub_frame",
        "stylesheet",
        "script",
        "image",
        "font",
        "object",
        "xmlhttprequest",
        "ping",
        "csp_report",
        "media",
        "websocket",
        "webtransport",
        "webbundle",
        "other"
      ]
    }
  }
]
