[
  {
    "id": 1,
    "priority": 999,
    "action": {
      "type": "redirect",
      "redirect": {
        "transform": {
          "scheme": "https",
          "host": "www.recaptcha.net"
        }
      }
    },
    "condition": {
      "urlFilter": "https://www.google.com/recaptcha/api.js",
      "resourceTypes": [
        "main_frame",
        "sub_frame",
        "stylesheet",
        "script",
        "image",
        "font",
        "object",
        "xmlhttprequest",
        "ping",
        "csp_report",
        "media",
        "websocket",
        "webtransport",
        "webbundle",
        "other"
      ]
    }
  }
]
